{
    "accuracy": 0.751596877217885,
    "precision": 0.5218181818181818,
    "recall": 0.767379679144385,
    "f1": 0.6212121212121212,
    "roc_auc": 0.7566366994755741
}